quote_date,selection_group,underlying_close,contract,expiration,option_type,strike,style,bid,bid_size,ask,ask_size,mid,volume,open_interest,delta,gamma,theta,vega,implied_volatility,quote_missing
2013-01-03,underlying,1459.369995,,,,,,,,,,,,,,,,,,0
2013-01-03,far_target,1459.369995,SPXW130201C01460000,2013-02-01,call,1460.0,E,18.4,,19.5,,18.95,258.0,27.0,0.5042,0.0083,-125.1396,162.2013,0.1177,0
2013-01-03,far_target,1459.369995,SPXW130201P01460000,2013-02-01,put,1460.0,E,21.1,,22.1,,21.6,191.0,450.0,-0.4948,0.0074,-135.9665,162.1962,0.1323,0
2013-01-03,near_grid,1459.369995,SPXW130125C01315000,2013-01-25,call,1315.0,E,142.4,,144.7,,143.55,0.0,0.0,0.9999,0.0,-4.1609,0.1778,0.1186,0
2013-01-03,near_grid,1459.369995,SPXW130125P01315000,2013-01-25,put,1315.0,E,0.55,,0.9,,0.725,6.0,531.0,-0.0195,0.0005,-30.1808,16.7135,0.2117,0
2013-01-03,near_grid,1459.369995,SPXW130125C01345000,2013-01-25,call,1345.0,E,112.8,,115.2,,114.0,0.0,0.0,0.9979,0.0002,-6.4075,2.3111,0.1186,0
2013-01-03,near_grid,1459.369995,SPXW130125P01345000,2013-01-25,put,1345.0,E,0.9,,1.3,,1.1,0.0,132.0,-0.0389,0.0011,-49.2402,29.714,0.1944,0
2013-01-03,near_grid,1459.369995,SPXW130125C01370000,2013-01-25,call,1370.0,E,88.5,,90.9,,89.7,0.0,25.0,0.9869,0.0008,-16.1181,11.8558,0.1186,0
2013-01-03,near_grid,1459.369995,SPXW130125P01370000,2013-01-25,put,1370.0,E,1.55,,1.9,,1.725,50.0,65.0,-0.0634,0.002,-65.083,43.89,0.1741,0
2013-01-03,near_grid,1459.369995,SPXW130125C01400000,2013-01-25,call,1400.0,E,60.5,,62.7,,61.6,26.0,163.0,0.913,0.0035,-65.2355,55.8868,0.1283,0
2013-01-03,near_grid,1459.369995,SPXW130125P01400000,2013-01-25,put,1400.0,E,3.3,,3.7,,3.5,70.0,709.0,-0.1272,0.0038,-96.2287,73.5257,0.1539,0
2013-01-03,near_grid,1459.369995,SPXW130125C01430000,2013-01-25,call,1430.0,E,35.2,,36.9,,36.05,62.0,336.0,0.7567,0.0071,-121.0057,110.4881,0.1246,0
2013-01-03,near_grid,1459.369995,SPXW130125P01430000,2013-01-25,put,1430.0,E,7.6,,8.4,,8.0,185.0,53.0,-0.2646,0.0067,-135.6251,115.4758,0.1385,0
2013-01-03,near_grid,1459.369995,SPXW130125C01460000,2013-01-25,call,1460.0,E,15.1,,16.3,,15.7,34.0,1563.0,0.5017,0.01,-137.9908,140.7519,0.1128,0
2013-01-03,near_grid,1459.369995,SPXW130125P01460000,2013-01-25,put,1460.0,E,17.2,,18.5,,17.85,50.0,71.0,-0.4973,0.009,-148.8595,140.75,0.1255,0
2013-01-03,near_grid,1459.369995,SPXW130125C01490000,2013-01-25,call,1490.0,E,4.0,,4.6,,4.3,115.0,185.0,0.2102,0.0079,-91.5194,101.7397,0.1041,0
2013-01-03,near_grid,1459.369995,SPXW130125P01490000,2013-01-25,put,1490.0,E,35.5,,37.4,,36.45,0.0,10.0,-0.7555,0.0074,-110.8644,110.8012,0.1206,0
2013-01-03,near_grid,1459.369995,SPXW130125C01520000,2013-01-25,call,1520.0,E,0.8,,1.1,,0.95,826.0,139.0,0.0594,0.0031,-38.2924,41.7058,0.1066,0
2013-01-03,near_grid,1459.369995,SPXW130125P01520000,2013-01-25,put,1520.0,E,61.9,,64.1,,63.0,0.0,0.0,-0.8887,0.004,-73.4671,66.8826,0.1356,0
2013-01-03,near_grid,1459.369995,SPXW130125C01550000,2013-01-25,call,1550.0,E,0.2,,0.5,,0.35,45.0,62.0,0.0212,0.0011,-18.7936,17.9771,0.1216,0
2013-01-03,near_grid,1459.369995,SPXW130125P01550000,2013-01-25,put,1550.0,E,91.1,,93.3,,92.2,0.0,35.0,-0.9334,0.0022,-59.2513,45.5659,0.1633,0
2013-01-03,near_grid,1459.369995,SPXW130125C01575000,2013-01-25,call,1575.0,E,0.1,,0.3,,0.2,0.0,5.0,0.0112,0.0005,-12.2475,10.4159,0.1369,0
2013-01-03,near_grid,1459.369995,SPXW130125P01575000,2013-01-25,put,1575.0,E,115.9,,118.2,,117.05,0.0,0.0,-0.9479,0.0016,-56.8172,37.5728,0.1908,0
2013-01-03,near_grid,1459.369995,SPXW130125C01600000,2013-01-25,call,1600.0,E,0.05,,0.25,,0.15,0.0,0.0,0.0072,0.0004,-9.3048,7.0391,0.154,0
2013-01-03,near_grid,1459.369995,SPXW130125P01600000,2013-01-25,put,1600.0,E,140.9,,143.1,,142.0,0.0,0.0,-0.955,0.0011,-58.5008,33.4629,0.2206,0
2013-01-04,underlying,1466.469971,,,,,,,,,,,,,,,,,,0
2013-01-04,far_target,1466.469971,SPXW130201C01460000,2013-02-01,call,1460.0,E,21.2,,22.5,,21.85,63.0,257.0,0.5651,0.0086,-123.2015,157.9578,0.1145,0
2013-01-04,far_target,1466.469971,SPXW130201P01460000,2013-02-01,put,1460.0,E,16.4,,17.6,,17.0,4.0,540.0,-0.4398,0.0078,-131.7793,158.2702,0.1266,0
2013-01-04,near_grid,1466.469971,SPXW130125C01315000,2013-01-25,call,1315.0,E,149.5,,151.6,,150.55,0.0,0.0,1.0,0.0,-3.994,0.0133,0.1079,0
2013-01-04,near_grid,1466.469971,SPXW130125P01315000,2013-01-25,put,1315.0,E,0.15,,0.65,,0.4,0.0,525.0,-0.0043,0.0002,-7.0167,4.4116,0.1777,0
2013-01-04,near_grid,1466.469971,SPXW130125C01345000,2013-01-25,call,1345.0,E,119.7,,121.8,,120.75,0.0,0.0,0.9997,0.0,-4.4637,0.406,0.1079,0
2013-01-04,near_grid,1466.469971,SPXW130125P01345000,2013-01-25,put,1345.0,E,0.35,,0.85,,0.6,0.0,132.0,-0.0185,0.0007,-24.8921,15.6592,0.1777,0
2013-01-04,near_grid,1466.469971,SPXW130125C01370000,2013-01-25,call,1370.0,E,95.1,,97.2,,96.15,0.0,25.0,0.9964,0.0002,-7.7074,3.6922,0.1079,0
2013-01-04,near_grid,1466.469971,SPXW130125P01370000,2013-01-25,put,1370.0,E,0.7,,1.25,,0.975,1.0,110.0,-0.0402,0.0015,-44.7646,29.9502,0.1671,0
2013-01-04,near_grid,1466.469971,SPXW130125C01400000,2013-01-25,call,1400.0,E,66.3,,68.3,,67.3,0.0,168.0,0.9672,0.002,-28.6628,25.3721,0.1079,0
2013-01-04,near_grid,1466.469971,SPXW130125P01400000,2013-01-25,put,1400.0,E,1.9,,2.4,,2.15,104.0,668.0,-0.089,0.0031,-73.7345,55.6971,0.1482,0
2013-01-04,near_grid,1466.469971,SPXW130125C01430000,2013-01-25,call,1430.0,E,39.6,,41.3,,40.45,0.0,396.0,0.8277,0.0064,-94.9686,88.3357,0.1153,0
2013-01-04,near_grid,1466.469971,SPXW130125P01430000,2013-01-25,put,1430.0,E,5.2,,5.6,,5.4,81.0,231.0,-0.2053,0.0062,-116.6676,98.4372,0.1331,0
2013-01-04,near_grid,1466.469971,SPXW130125C01460000,2013-01-25,call,1460.0,E,17.8,,19.0,,18.4,146.0,1549.0,0.5766,0.0105,-133.638,135.5318,0.1078,0
2013-01-04,near_grid,1466.469971,SPXW130125P01460000,2013-01-25,put,1460.0,E,12.6,,13.7,,13.15,23.0,105.0,-0.4292,0.0095,-142.2311,135.9011,0.1182,0
2013-01-04,near_grid,1466.469971,SPXW130125C01490000,2013-01-25,call,1490.0,E,4.8,,5.5,,5.15,54.0,287.0,0.2539,0.0092,-99.6426,110.8876,0.099,0
2013-01-04,near_grid,1466.469971,SPXW130125P01490000,2013-01-25,put,1490.0,E,29.0,,30.8,,29.9,0.0,10.0,-0.7204,0.0087,-113.5713,116.4583,0.1118,0
2013-01-04,near_grid,1466.469971,SPXW130125C01520000,2013-01-25,call,1520.0,E,1.05,,1.35,,1.2,258.0,947.0,0.0749,0.0039,-46.0753,48.961,0.1041,0
2013-01-04,near_grid,1466.469971,SPXW130125P01520000,2013-01-25,put,1520.0,E,54.8,,56.9,,55.85,0.0,0.0,-0.8822,0.0045,-73.1452,68.3461,0.1259,0
2013-01-04,near_grid,1466.469971,SPXW130125C01550000,2013-01-25,call,1550.0,E,0.15,,0.45,,0.3,0.0,107.0,0.0198,0.0011,-16.9572,16.6335,0.113,0
2013-01-04,near_grid,1466.469971,SPXW130125P01550000,2013-01-25,put,1550.0,E,84.0,,85.9,,84.95,0.0,35.0,-0.9335,0.0023,-57.3117,44.6774,0.1539,0
2013-01-04,near_grid,1466.469971,SPXW130125C01575000,2013-01-25,call,1575.0,E,0.0,,0.3,,0.15,7.0,5.0,0.0101,0.0005,-10.779,9.2715,0.129,0
2013-01-04,near_grid,1466.469971,SPXW130125P01575000,2013-01-25,put,1575.0,E,108.8,,110.8,,109.8,0.0,0.0,-0.9489,0.0017,-54.9214,36.344,0.1823,0
2013-01-04,near_grid,1466.469971,SPXW130125C01600000,2013-01-25,call,1600.0,E,0.0,,0.3,,0.15,0.0,0.0,0.0022,0.0002,-2.8322,2.4376,0.129,0
2013-01-04,near_grid,1466.469971,SPXW130125P01600000,2013-01-25,put,1600.0,E,133.8,,135.8,,134.8,0.0,0.0,-0.9554,0.0013,-57.8733,32.5972,0.2137,0
2013-01-07,underlying,1461.890015,,,,,,,,,,,,,,,,,,0
2013-01-07,far_target,1461.890015,SPXW130201C01460000,2013-02-01,call,1460.0,E,17.8,,18.5,,18.15,3.0,308.0,0.5262,0.0092,-129.844,150.2586,0.1132,0
2013-01-07,far_target,1461.890015,SPXW130201P01460000,2013-02-01,put,1460.0,E,16.6,,17.3,,16.95,14.0,542.0,-0.4746,0.0088,-132.8726,150.2778,0.1198,0
2013-01-07,near_grid,1461.890015,SPXW130125C01315000,2013-01-25,call,1315.0,E,146.0,,148.0,,147.0,0.0,0.0,1.0,0.0,-4.0487,0.052,0.1236,0
2013-01-07,near_grid,1461.890015,SPXW130125P01315000,2013-01-25,put,1315.0,E,0.15,,0.5,,0.325,0.0,525.0,-0.0026,0.0001,-4.7805,2.592,0.1756,0
2013-01-07,near_grid,1461.890015,SPXW130125C01345000,2013-01-25,call,1345.0,E,116.2,,118.2,,117.2,0.0,0.0,0.9991,0.0001,-5.3696,1.0001,0.1236,0
2013-01-07,near_grid,1461.890015,SPXW130125P01345000,2013-01-25,put,1345.0,E,0.35,,0.65,,0.5,0.0,132.0,-0.0139,0.0005,-20.8014,11.2846,0.1756,0
2013-01-07,near_grid,1461.890015,SPXW130125C01370000,2013-01-25,call,1370.0,E,91.5,,93.6,,92.55,0.0,25.0,0.9924,0.0005,-12.7693,6.651,0.1236,0
2013-01-07,near_grid,1461.890015,SPXW130125P01370000,2013-01-25,put,1370.0,E,0.6,,0.95,,0.775,70.0,111.0,-0.0356,0.0015,-43.807,24.9752,0.1671,0
2013-01-07,near_grid,1461.890015,SPXW130125C01400000,2013-01-25,call,1400.0,E,62.6,,64.6,,63.6,4.0,168.0,0.9306,0.0031,-64.7224,42.4882,0.1359,0
2013-01-07,near_grid,1461.890015,SPXW130125P01400000,2013-01-25,put,1400.0,E,1.75,,1.9,,1.825,2179.0,707.0,-0.0844,0.0033,-75.598,49.2901,0.1464,0
2013-01-07,near_grid,1461.890015,SPXW130125C01430000,2013-01-25,call,1430.0,E,35.7,,37.3,,36.5,5.0,396.0,0.8007,0.0072,-118.3044,88.989,0.1226,0
2013-01-07,near_grid,1461.890015,SPXW130125P01430000,2013-01-25,put,1430.0,E,4.5,,5.0,,4.75,31.0,310.0,-0.2065,0.0071,-120.263,90.9198,0.1266,0
2013-01-07,near_grid,1461.890015,SPXW130125C01460000,2013-01-25,call,1460.0,E,14.5,,15.2,,14.85,47.0,1535.0,0.5289,0.0115,-147.1019,126.7577,0.1085,0
2013-01-07,near_grid,1461.890015,SPXW130125P01460000,2013-01-25,put,1460.0,E,13.0,,13.7,,13.35,58.0,116.0,-0.4719,0.011,-148.9707,126.7759,0.1132,0
2013-01-07,near_grid,1461.890015,SPXW130125C01490000,2013-01-25,call,1490.0,E,3.1,,3.6,,3.35,77.0,295.0,0.1942,0.0087,-92.4376,87.6013,0.0993,0
2013-01-07,near_grid,1461.890015,SPXW130125P01490000,2013-01-25,put,1490.0,E,30.8,,32.4,,31.6,0.0,10.0,-0.7972,0.0086,-93.8059,89.9288,0.1029,0
2013-01-07,near_grid,1461.890015,SPXW130125C01520000,2013-01-25,call,1520.0,E,0.45,,0.8,,0.625,70.0,977.0,0.0458,0.0028,-34.0019,30.6039,0.1049,0
2013-01-07,near_grid,1461.890015,SPXW130125P01520000,2013-01-25,put,1520.0,E,57.8,,59.7,,58.75,0.0,0.0,-0.9605,0.0027,-24.3849,27.1492,0.1008,0
2013-01-07,near_grid,1461.890015,SPXW130125C01550000,2013-01-25,call,1550.0,E,0.0,,0.3,,0.15,3.0,107.0,0.0068,0.0005,-6.9368,6.0683,0.1081,0
2013-01-07,near_grid,1461.890015,SPXW130125P01550000,2013-01-25,put,1550.0,E,87.3,,89.2,,88.25,0.0,35.0,-0.9959,0.0004,0.6128,3.8274,0.1008,0
2013-01-07,near_grid,1461.890015,SPXW130125C01575000,2013-01-25,call,1575.0,E,0.0,,0.1,,0.05,1.0,12.0,0.0008,0.0001,-1.0305,0.9022,0.1081,0
2013-01-07,near_grid,1461.890015,SPXW130125P01575000,2013-01-25,put,1575.0,E,112.3,,114.1,,113.2,0.0,0.0,-0.9996,0.0,4.3136,0.427,0.1008,0
2013-01-07,near_grid,1461.890015,SPXW130125C01600000,2013-01-25,call,1600.0,E,0.0,,0.1,,0.05,0.0,0.0,0.0001,0.0,-0.1006,0.0881,0.1081,0
2013-01-07,near_grid,1461.890015,SPXW130125P01600000,2013-01-25,put,1600.0,E,137.3,,139.1,,138.2,0.0,0.0,-1.0,0.0,4.8128,0.0294,0.1008,0
2013-01-08,underlying,1457.150024,,,,,,,,,,,,,,,,,,0
2013-01-08,far_target,1457.150024,SPXW130201C01460000,2013-02-01,call,1460.0,E,14.8,,15.5,,15.15,177.0,311.0,0.4807,0.0097,-130.1046,146.8077,0.1115,0
2013-01-08,far_target,1457.150024,SPXW130201P01460000,2013-02-01,put,1460.0,E,18.0,,18.8,,18.4,91.0,553.0,-0.518,0.0092,-131.1042,146.8291,0.1162,0
2013-01-08,near_grid,1457.150024,SPXW130125C01315000,2013-01-25,call,1315.0,E,141.5,,143.5,,142.5,0.0,0.0,0.9998,0.0,-4.3157,0.2189,0.1371,0
2013-01-08,near_grid,1457.150024,SPXW130125P01315000,2013-01-25,put,1315.0,E,0.1,,0.45,,0.275,0.0,525.0,-0.0024,0.0001,-4.4081,2.2833,0.1732,0
2013-01-08,near_grid,1457.150024,SPXW130125C01345000,2013-01-25,call,1345.0,E,111.6,,113.7,,112.65,0.0,0.0,0.9973,0.0002,-8.0051,2.5752,0.1371,0
2013-01-08,near_grid,1457.150024,SPXW130125P01345000,2013-01-25,put,1345.0,E,0.3,,0.65,,0.475,0.0,132.0,-0.0136,0.0007,-20.7345,10.7456,0.1732,0
2013-01-08,near_grid,1457.150024,SPXW130125C01370000,2013-01-25,call,1370.0,E,86.9,,89.0,,87.95,1.0,25.0,0.984,0.0009,-22.9279,12.3059,0.1371,0
2013-01-08,near_grid,1457.150024,SPXW130125P01370000,2013-01-25,put,1370.0,E,0.6,,0.9,,0.75,0.0,158.0,-0.0363,0.0016,-44.8603,24.5247,0.1643,0
2013-01-08,near_grid,1457.150024,SPXW130125C01400000,2013-01-25,call,1400.0,E,58.0,,60.1,,59.05,1.0,168.0,0.9198,0.0035,-73.953,45.9104,0.1366,0
2013-01-08,near_grid,1457.150024,SPXW130125P01400000,2013-01-25,put,1400.0,E,1.6,,1.95,,1.775,189.0,2847.0,-0.0872,0.0036,-76.8169,48.9021,0.1413,0
2013-01-08,near_grid,1457.150024,SPXW130125C01430000,2013-01-25,call,1430.0,E,31.6,,32.8,,32.2,14.0,401.0,0.7756,0.0081,-127.268,92.2846,0.1202,0
2013-01-08,near_grid,1457.150024,SPXW130125P01430000,2013-01-25,put,1430.0,E,4.8,,5.2,,5.0,226.0,321.0,-0.2272,0.008,-125.488,92.9552,0.1218,0
2013-01-08,near_grid,1457.150024,SPXW130125C01460000,2013-01-25,call,1460.0,E,11.5,,12.1,,11.8,336.0,1516.0,0.4723,0.0121,-147.8909,122.6748,0.1064,0
2013-01-08,near_grid,1457.150024,SPXW130125P01460000,2013-01-25,put,1460.0,E,14.1,,14.8,,14.45,95.0,111.0,-0.5279,0.0121,-143.3325,122.674,0.1063,0
2013-01-08,near_grid,1457.150024,SPXW130125C01490000,2013-01-25,call,1490.0,E,2.0,,2.3,,2.15,139.0,262.0,0.1442,0.0075,-77.0258,69.9826,0.0977,0
2013-01-08,near_grid,1457.150024,SPXW130125P01490000,2013-01-25,put,1490.0,E,33.8,,35.8,,34.8,0.0,10.0,-0.8612,0.0075,-68.9656,68.2189,0.0956,0
2013-01-08,near_grid,1457.150024,SPXW130125C01520000,2013-01-25,call,1520.0,E,0.4,,0.5,,0.45,8.0,997.0,0.0347,0.0023,-28.9362,23.656,0.1089,0
2013-01-08,near_grid,1457.150024,SPXW130125P01520000,2013-01-25,put,1520.0,E,61.9,,64.0,,62.95,0.0,0.0,-0.985,0.0013,-7.3807,11.6816,0.0913,0
2013-01-08,near_grid,1457.150024,SPXW130125C01550000,2013-01-25,call,1550.0,E,0.05,,0.15,,0.1,0.0,110.0,0.0036,0.0002,-3.9743,3.2866,0.1078,0
2013-01-08,near_grid,1457.150024,SPXW130125P01550000,2013-01-25,put,1550.0,E,91.7,,93.7,,92.7,0.0,35.0,-0.9993,0.0001,3.8949,0.779,0.0913,0
2013-01-08,near_grid,1457.150024,SPXW130125C01575000,2013-01-25,call,1575.0,E,0.0,,0.1,,0.05,0.0,13.0,0.0002,0.0,-0.4698,0.3888,0.1078,0
2013-01-08,near_grid,1457.150024,SPXW130125P01575000,2013-01-25,put,1575.0,E,116.7,,118.7,,117.7,0.0,0.0,-1.0,0.0,4.7279,0.0396,0.0913,0
2013-01-08,near_grid,1457.150024,SPXW130125C01600000,2013-01-25,call,1600.0,E,0.0,,0.05,,0.025,50.0,0.0,0.0,0.0,-0.0355,0.0294,0.1078,0
2013-01-08,near_grid,1457.150024,SPXW130125P01600000,2013-01-25,put,1600.0,E,141.7,,143.7,,142.7,0.0,0.0,-1.0,0.0,4.843,0.0011,0.0913,0
2013-01-09,underlying,1461.02002,,,,,,,,,,,,,,,,,,0
2013-01-09,far_target,1461.02002,SPXW130201C01460000,2013-02-01,call,1460.0,E,15.9,,16.7,,16.3,15.0,434.0,0.5185,0.0102,-130.0558,144.0226,0.1086,0
2013-01-09,far_target,1461.02002,SPXW130201P01460000,2013-02-01,put,1460.0,E,16.1,,16.8,,16.45,16.0,555.0,-0.4821,0.0092,-137.4074,144.0326,0.1186,0
2013-01-09,near_grid,1461.02002,SPXW130125C01315000,2013-01-25,call,1315.0,E,144.5,,146.5,,145.5,0.0,0.0,1.0,0.0,-3.9882,0.005,0.1149,0
2013-01-09,near_grid,1461.02002,SPXW130125P01315000,2013-01-25,put,1315.0,E,0.1,,0.4,,0.25,0.0,525.0,-0.0017,0.0001,-3.3817,1.6142,0.1764,0
2013-01-09,near_grid,1461.02002,SPXW130125C01345000,2013-01-25,call,1345.0,E,114.6,,116.7,,115.65,0.0,0.0,0.9998,0.0,-4.3922,0.2347,0.1149,0
2013-01-09,near_grid,1461.02002,SPXW130125P01345000,2013-01-25,put,1345.0,E,0.3,,0.6,,0.45,0.0,132.0,-0.0104,0.0005,-17.3535,8.2876,0.1764,0
2013-01-09,near_grid,1461.02002,SPXW130125C01370000,2013-01-25,call,1370.0,E,89.9,,92.0,,90.95,0.0,24.0,0.997,0.0002,-7.8733,2.7339,0.1149,0
2013-01-09,near_grid,1461.02002,SPXW130125P01370000,2013-01-25,put,1370.0,E,0.5,,0.85,,0.675,11.0,158.0,-0.0325,0.0014,-44.3718,21.7458,0.1719,0
2013-01-09,near_grid,1461.02002,SPXW130125C01400000,2013-01-25,call,1400.0,E,60.8,,62.9,,61.85,0.0,167.0,0.9663,0.0022,-34.7766,22.4403,0.1149,0
2013-01-09,near_grid,1461.02002,SPXW130125P01400000,2013-01-25,put,1400.0,E,1.35,,1.7,,1.525,583.0,2926.0,-0.0759,0.0032,-74.5867,42.7665,0.1472,0
2013-01-09,near_grid,1461.02002,SPXW130125C01430000,2013-01-25,call,1430.0,E,33.9,,35.2,,34.55,44.0,411.0,0.8226,0.0075,-110.3846,77.8609,0.1153,0
2013-01-09,near_grid,1461.02002,SPXW130125P01430000,2013-01-25,put,1430.0,E,4.1,,4.4,,4.25,21.0,242.0,-0.1991,0.0074,-125.0791,83.602,0.1266,0
2013-01-09,near_grid,1461.02002,SPXW130125C01460000,2013-01-25,call,1460.0,E,12.7,,13.3,,13.0,93.0,1782.0,0.5197,0.0128,-149.529,119.3182,0.1037,0
2013-01-09,near_grid,1461.02002,SPXW130125P01460000,2013-01-25,put,1460.0,E,12.4,,13.1,,12.75,97.0,112.0,-0.4811,0.0119,-156.6207,119.3297,0.1118,0
2013-01-09,near_grid,1461.02002,SPXW130125C01490000,2013-01-25,call,1490.0,E,2.25,,2.6,,2.425,434.0,336.0,0.1633,0.0086,-85.178,73.8442,0.0961,0
2013-01-09,near_grid,1461.02002,SPXW130125P01490000,2013-01-25,put,1490.0,E,31.7,,33.1,,32.4,0.0,10.0,-0.8026,0.0084,-105.632,83.1666,0.1104,0
2013-01-09,near_grid,1461.02002,SPXW130125C01520000,2013-01-25,call,1520.0,E,0.35,,0.4,,0.375,0.0,1019.0,0.032,0.0023,-26.6604,21.5486,0.1034,0
2013-01-09,near_grid,1461.02002,SPXW130125P01520000,2013-01-25,put,1520.0,E,59.0,,61.0,,60.0,0.0,0.0,-0.9406,0.0032,-47.2122,35.388,0.1224,0
2013-01-09,near_grid,1461.02002,SPXW130125C01550000,2013-01-25,call,1550.0,E,0.0,,0.15,,0.075,10.0,110.0,0.0115,0.0008,-13.4968,8.9806,0.1258,0
2013-01-09,near_grid,1461.02002,SPXW130125P01550000,2013-01-25,put,1550.0,E,88.7,,90.7,,89.7,0.0,35.0,-0.9889,0.0008,-8.3404,8.7205,0.1251,0
2013-01-09,near_grid,1461.02002,SPXW130125C01575000,2013-01-25,call,1575.0,E,0.0,,0.1,,0.05,100.0,13.0,0.0019,0.0002,-2.7114,1.8053,0.1258,0
2013-01-09,near_grid,1461.02002,SPXW130125P01575000,2013-01-25,put,1575.0,E,113.7,,115.7,,114.7,0.0,0.0,-0.9982,0.0002,2.1972,1.7216,0.1251,0
2013-01-09,near_grid,1461.02002,SPXW130125C01600000,2013-01-25,call,1600.0,E,0.0,,0.05,,0.025,0.0,50.0,0.0002,0.0,-0.3836,0.2555,0.1258,0
2013-01-09,near_grid,1461.02002,SPXW130125P01600000,2013-01-25,put,1600.0,E,138.7,,140.7,,139.7,0.0,0.0,-0.9998,0.0,4.4883,0.2384,0.1251,0
2013-01-10,underlying,1472.119995,,,,,,,,,,,,,,,,,,0
2013-01-10,far_target,1472.119995,SPXW130201C01460000,2013-02-01,call,1460.0,E,21.9,,22.8,,22.35,27.0,444.0,0.631,0.0098,-127.5922,134.2595,0.1087,0
2013-01-10,far_target,1472.119995,SPXW130201P01460000,2013-02-01,put,1460.0,E,10.6,,11.2,,10.9,45.0,567.0,-0.376,0.0092,-131.858,135.0631,0.1156,0
2013-01-10,near_grid,1472.119995,SPXW130125C01315000,2013-01-25,call,1315.0,E,155.5,,157.8,,156.65,0.0,0.0,1.0,0.0,-3.9814,0.0001,0.1061,0
2013-01-10,near_grid,1472.119995,SPXW130125P01315000,2013-01-25,put,1315.0,E,0.1,,0.4,,0.25,0.0,525.0,-0.0008,0.0001,-1.8364,0.7957,0.1816,0
2013-01-10,near_grid,1472.119995,SPXW130125C01345000,2013-01-25,call,1345.0,E,125.6,,128.0,,126.8,0.0,0.0,1.0,0.0,-4.0866,0.0107,0.1061,0
2013-01-10,near_grid,1472.119995,SPXW130125P01345000,2013-01-25,put,1345.0,E,0.25,,0.5,,0.375,0.0,132.0,-0.0057,0.0002,-10.9159,4.732,0.1816,0
2013-01-10,near_grid,1472.119995,SPXW130125C01370000,2013-01-25,call,1370.0,E,100.7,,103.1,,101.9,0.0,24.0,0.9997,0.0,-4.5766,0.3184,0.1061,0
2013-01-10,near_grid,1472.119995,SPXW130125P01370000,2013-01-25,put,1370.0,E,0.4,,0.65,,0.525,11.0,158.0,-0.0217,0.001,-34.9523,15.1587,0.1816,0
2013-01-10,near_grid,1472.119995,SPXW130125C01400000,2013-01-25,call,1400.0,E,71.2,,73.6,,72.4,0.0,167.0,0.9919,0.0007,-12.9173,6.4509,0.1061,0
2013-01-10,near_grid,1472.119995,SPXW130125P01400000,2013-01-25,put,1400.0,E,0.8,,1.1,,0.95,75.0,3029.0,-0.0493,0.0023,-58.626,29.7612,0.1553,0
2013-01-10,near_grid,1472.119995,SPXW130125C01430000,2013-01-25,call,1430.0,E,42.8,,45.1,,43.95,30.0,452.0,0.9058,0.0051,-74.2961,49.0108,0.1128,0
2013-01-10,near_grid,1472.119995,SPXW130125P01430000,2013-01-25,put,1430.0,E,2.2,,2.55,,2.375,113.0,243.0,-0.1252,0.0055,-98.4702,60.1091,0.1293,0
2013-01-10,near_grid,1472.119995,SPXW130125C01460000,2013-01-25,call,1460.0,E,19.0,,19.9,,19.45,33.0,1799.0,0.6583,0.0118,-148.0918,107.0902,0.1065,0
2013-01-10,near_grid,1472.119995,SPXW130125P01460000,2013-01-25,put,1460.0,E,7.4,,7.9,,7.65,65.0,150.0,-0.3476,0.0114,-150.8881,107.7774,0.1111,0
2013-01-10,near_grid,1472.119995,SPXW130125C01490000,2013-01-25,call,1490.0,E,4.2,,4.6,,4.4,267.0,731.0,0.2649,0.0119,-116.2402,95.5356,0.0946,0
2013-01-10,near_grid,1472.119995,SPXW130125P01490000,2013-01-25,put,1490.0,E,21.9,,23.1,,22.5,0.0,10.0,-0.7265,0.0115,-118.5856,97.0917,0.0985,0
2013-01-10,near_grid,1472.119995,SPXW130125C01520000,2013-01-25,call,1520.0,E,0.5,,0.7,,0.6,854.0,1019.0,0.0511,0.0037,-38.405,30.6284,0.0979,0
2013-01-10,near_grid,1472.119995,SPXW130125P01520000,2013-01-25,put,1520.0,E,47.2,,49.5,,48.35,0.0,0.0,-0.9607,0.0032,-24.2628,24.7622,0.091,0
2013-01-10,near_grid,1472.119995,SPXW130125C01550000,2013-01-25,call,1550.0,E,0.05,,0.15,,0.1,18.0,120.0,0.009,0.0008,-9.8909,7.0851,0.1092,0
2013-01-10,near_grid,1472.119995,SPXW130125P01550000,2013-01-25,put,1550.0,E,76.7,,79.0,,77.85,0.0,35.0,-0.9978,0.0002,2.3139,2.0446,0.091,0
2013-01-10,near_grid,1472.119995,SPXW130125C01575000,2013-01-25,call,1575.0,E,0.0,,0.1,,0.05,12.0,308.0,0.001,0.0001,-1.3074,0.9373,0.1092,0
2013-01-10,near_grid,1472.119995,SPXW130125P01575000,2013-01-25,put,1575.0,E,101.7,,103.9,,102.8,0.0,0.0,-0.9999,0.0,4.6399,0.1107,0.091,0
2013-01-10,near_grid,1472.119995,SPXW130125C01600000,2013-01-25,call,1600.0,E,0.0,,0.05,,0.025,100.0,50.0,0.0001,0.0,-0.1046,0.0751,0.1092,0
2013-01-10,near_grid,1472.119995,SPXW130125P01600000,2013-01-25,put,1600.0,E,126.7,,128.9,,127.8,0.0,0.0,-1.0,0.0,4.8408,0.0028,0.091,0
2013-01-11,underlying,1472.050049,,,,,,,,,,,,,,,,,,0
2013-01-11,far_target,1472.050049,SPXW130201C01460000,2013-02-01,call,1460.0,E,21.6,,22.4,,22.0,2.0,435.0,0.6326,0.0099,-130.9179,130.8852,0.1091,0
2013-01-11,far_target,1472.050049,SPXW130201P01460000,2013-02-01,put,1460.0,E,10.3,,10.9,,10.6,172.0,608.0,-0.3744,0.0094,-135.2764,131.6771,0.1159,0
2013-01-11,near_grid,1472.050049,SPXW130125C01315000,2013-01-25,call,1315.0,E,156.2,,157.8,,157.0,0.0,0.0,1.0,0.0,-3.9832,0.0011,0.1232,0
2013-01-11,near_grid,1472.050049,SPXW130125P01315000,2013-01-25,put,1315.0,E,0.15,,0.35,,0.25,0.0,525.0,-0.0004,0.0,-1.0873,0.4456,0.1786,0
2013-01-11,near_grid,1472.050049,SPXW130125C01345000,2013-01-25,call,1345.0,E,126.3,,127.9,,127.1,0.0,0.0,0.9999,0.0,-4.1865,0.0679,0.1232,0
2013-01-11,near_grid,1472.050049,SPXW130125P01345000,2013-01-25,put,1345.0,E,0.25,,0.45,,0.35,0.0,132.0,-0.0039,0.0002,-7.865,3.2244,0.1786,0
2013-01-11,near_grid,1472.050049,SPXW130125C01370000,2013-01-25,call,1370.0,E,101.4,,103.1,,102.25,0.0,24.0,0.9989,0.0001,-5.8557,1.0156,0.1232,0
2013-01-11,near_grid,1472.050049,SPXW130125P01370000,2013-01-25,put,1370.0,E,0.4,,0.6,,0.5,0.0,165.0,-0.0168,0.0008,-28.6177,11.7375,0.1786,0
2013-01-11,near_grid,1472.050049,SPXW130125C01400000,2013-01-25,call,1400.0,E,71.9,,73.5,,72.7,0.0,167.0,0.9841,0.0011,-23.0246,11.1826,0.1232,0
2013-01-11,near_grid,1472.050049,SPXW130125P01400000,2013-01-25,put,1400.0,E,0.8,,1.0,,0.9,2072.0,3057.0,-0.0477,0.0022,-60.7644,27.9671,0.1593,0
2013-01-11,near_grid,1472.050049,SPXW130125C01430000,2013-01-25,call,1430.0,E,43.3,,44.9,,44.1,0.0,449.0,0.8924,0.0053,-92.2238,52.0721,0.124,0
2013-01-11,near_grid,1472.050049,SPXW130125P01430000,2013-01-25,put,1430.0,E,2.1,,2.35,,2.225,80.0,261.0,-0.1208,0.0054,-101.1585,56.548,0.1314,0
2013-01-11,near_grid,1472.050049,SPXW130125C01460000,2013-01-25,call,1460.0,E,18.8,,19.7,,19.25,221.0,1809.0,0.6592,0.012,-156.8213,103.1821,0.109,0
2013-01-11,near_grid,1472.050049,SPXW130125P01460000,2013-01-25,put,1460.0,E,7.1,,7.5,,7.3,65.0,164.0,-0.344,0.0117,-156.4754,103.5483,0.1115,0
2013-01-11,near_grid,1472.050049,SPXW130125C01490000,2013-01-25,call,1490.0,E,3.9,,4.2,,4.05,277.0,910.0,0.2559,0.0121,-118.2122,90.5191,0.0945,0
2013-01-11,near_grid,1472.050049,SPXW130125P01490000,2013-01-25,put,1490.0,E,21.4,,22.8,,22.1,1.0,10.0,-0.7378,0.0119,-118.7183,91.6611,0.0973,0
2013-01-11,near_grid,1472.050049,SPXW130125C01520000,2013-01-25,call,1520.0,E,0.45,,0.6,,0.525,101.0,1163.0,0.0466,0.0035,-37.3723,27.4276,0.099,0
2013-01-11,near_grid,1472.050049,SPXW130125P01520000,2013-01-25,put,1520.0,E,47.9,,49.5,,48.7,0.0,0.0,-0.9461,0.0038,-39.1937,30.8062,0.1033,0
2013-01-11,near_grid,1472.050049,SPXW130125C01550000,2013-01-25,call,1550.0,E,0.1,,0.2,,0.15,3.0,138.0,0.0126,0.001,-15.0478,9.1504,0.1197,0
2013-01-11,near_grid,1472.050049,SPXW130125P01550000,2013-01-25,put,1550.0,E,77.4,,79.0,,78.2,0.0,35.0,-0.9953,0.0005,-0.7595,3.8415,0.1033,0
2013-01-11,near_grid,1472.050049,SPXW130125C01575000,2013-01-25,call,1575.0,E,0.05,,0.1,,0.075,707.0,320.0,0.006,0.0004,-9.1249,4.7583,0.1397,0
2013-01-11,near_grid,1472.050049,SPXW130125P01575000,2013-01-25,put,1575.0,E,102.4,,104.0,,103.2,0.0,0.0,-0.9997,0.0,4.2908,0.3369,0.1033,0
2013-01-11,near_grid,1472.050049,SPXW130125C01600000,2013-01-25,call,1600.0,E,0.0,,0.05,,0.025,363.0,250.0,0.001,0.0001,-1.7396,0.9075,0.1397,0
2013-01-11,near_grid,1472.050049,SPXW130125P01600000,2013-01-25,put,1600.0,E,127.3,,129.0,,128.15,0.0,0.0,-1.0,0.0,4.8213,0.0162,0.1033,0
2013-01-14,underlying,1470.680054,,,,,,,,,,,,,,,,,,0
2013-01-14,far_target,1470.680054,SPXW130201C01460000,2013-02-01,call,1460.0,E,19.6,,20.1,,19.85,43.0,436.0,0.6287,0.011,-140.1121,121.1444,0.1077,0
2013-01-14,far_target,1470.680054,SPXW130201P01460000,2013-02-01,put,1460.0,E,10.6,,11.2,,10.9,1031.0,696.0,-0.3861,0.0097,-157.8116,122.6129,0.1236,0
2013-01-14,near_grid,1470.680054,SPXW130125C01315000,2013-01-25,call,1315.0,E,153.5,,155.4,,154.45,0.0,0.0,1.0,0.0,-3.9815,0.0,0.1083,0
2013-01-14,near_grid,1470.680054,SPXW130125P01315000,2013-01-25,put,1315.0,E,0.15,,0.2,,0.175,0.0,525.0,-0.0004,0.0,-1.2138,0.3459,0.1989,0
2013-01-14,near_grid,1470.680054,SPXW130125C01345000,2013-01-25,call,1345.0,E,123.6,,125.6,,124.6,0.0,0.0,1.0,0.0,-4.0734,0.0005,0.1083,0
2013-01-14,near_grid,1470.680054,SPXW130125P01345000,2013-01-25,put,1345.0,E,0.25,,0.4,,0.325,0.0,132.0,-0.0036,0.0002,-9.3257,2.6594,0.1989,0
2013-01-14,near_grid,1470.680054,SPXW130125C01370000,2013-01-25,call,1370.0,E,98.7,,100.7,,99.7,0.0,24.0,1.0,0.0,-4.2398,0.048,0.1083,0
2013-01-14,near_grid,1470.680054,SPXW130125P01370000,2013-01-25,put,1370.0,E,0.4,,0.5,,0.45,40.0,165.0,-0.0162,0.0008,-35.1822,10.0361,0.1989,0
2013-01-14,near_grid,1470.680054,SPXW130125C01400000,2013-01-25,call,1400.0,E,69.1,,71.1,,70.1,0.0,167.0,0.9967,0.0004,-8.9383,2.4647,0.1083,0
2013-01-14,near_grid,1470.680054,SPXW130125P01400000,2013-01-25,put,1400.0,E,0.75,,0.9,,0.825,288.0,5125.0,-0.0457,0.0022,-73.2306,23.7331,0.1752,0
2013-01-14,near_grid,1470.680054,SPXW130125C01430000,2013-01-25,call,1430.0,E,40.7,,42.4,,41.55,0.0,449.0,0.9386,0.0045,-61.8171,30.0055,0.109,0
2013-01-14,near_grid,1470.680054,SPXW130125P01430000,2013-01-25,put,1430.0,E,1.95,,2.1,,2.025,61.0,287.0,-0.1168,0.0056,-121.0857,48.5599,0.1418,0
2013-01-14,near_grid,1470.680054,SPXW130125C01460000,2013-01-25,call,1460.0,E,16.4,,17.1,,16.75,27.0,1933.0,0.6629,0.0139,-172.8753,90.367,0.1065,0
2013-01-14,near_grid,1470.680054,SPXW130125P01460000,2013-01-25,put,1460.0,E,7.1,,7.4,,7.25,31.0,221.0,-0.3547,0.0124,-194.864,92.0865,0.1208,0
2013-01-14,near_grid,1470.680054,SPXW130125C01490000,2013-01-25,call,1490.0,E,2.8,,3.1,,2.95,3323.0,1063.0,0.2168,0.0122,-125.9448,72.6587,0.0974,0
2013-01-14,near_grid,1470.680054,SPXW130125P01490000,2013-01-25,put,1490.0,E,22.6,,24.0,,23.3,2.0,10.0,-0.7505,0.0114,-152.5164,78.5485,0.1124,0
2013-01-14,near_grid,1470.680054,SPXW130125C01520000,2013-01-25,call,1520.0,E,0.25,,0.3,,0.275,213.0,1167.0,0.0284,0.0026,-29.1756,16.0943,0.1022,0
2013-01-14,near_grid,1470.680054,SPXW130125P01520000,2013-01-25,put,1520.0,E,50.0,,51.9,,50.95,0.0,0.0,-0.9042,0.0046,-106.0197,42.0745,0.1482,0
2013-01-14,near_grid,1470.680054,SPXW130125C01550000,2013-01-25,call,1550.0,E,0.05,,0.1,,0.075,8.0,135.0,0.0072,0.0005,-11.0933,4.9394,0.1268,0
2013-01-14,near_grid,1470.680054,SPXW130125P01550000,2013-01-25,put,1550.0,E,79.8,,81.7,,80.75,0.0,35.0,-0.9355,0.0025,-107.357,31.1742,0.203,0
2013-01-14,near_grid,1470.680054,SPXW130125C01575000,2013-01-25,call,1575.0,E,0.05,,0.1,,0.075,32.0,1027.0,0.0059,0.0004,-11.7439,4.1313,0.1606,0
2013-01-14,near_grid,1470.680054,SPXW130125P01575000,2013-01-25,put,1575.0,E,104.8,,106.7,,105.75,0.0,0.0,-0.946,0.0018,-115.1262,27.1225,0.2498,0
2013-01-14,near_grid,1470.680054,SPXW130125C01600000,2013-01-25,call,1600.0,E,0.0,,0.05,,0.025,25.0,613.0,0.001,0.0001,-2.2816,0.8028,0.1606,0
2013-01-14,near_grid,1470.680054,SPXW130125P01600000,2013-01-25,put,1600.0,E,129.7,,131.6,,130.65,0.0,0.0,-0.956,0.0013,-113.0279,23.04,0.2892,0
2013-01-15,underlying,1472.339966,,,,,,,,,,,,,,,,,,0
2013-01-15,far_target,1472.339966,SPXW130201C01460000,2013-02-01,call,1460.0,E,20.2,,21.0,,20.6,99.0,413.0,0.6497,0.011,-142.6116,115.4039,0.1084,0
2013-01-15,far_target,1472.339966,SPXW130201P01460000,2013-02-01,put,1460.0,E,9.4,,10.0,,9.7,98.0,1450.0,-0.3658,0.0099,-158.6974,117.1562,0.1225,0
2013-01-15,near_grid,1472.339966,SPXW130125C01315000,2013-01-25,call,1315.0,E,155.5,,157.4,,156.45,0.0,0.0,1.0,0.0,-3.9815,0.0,0.1053,0
2013-01-15,near_grid,1472.339966,SPXW130125P01315000,2013-01-25,put,1315.0,E,0.1,,0.25,,0.175,30.0,525.0,-0.0004,0.0,-1.4402,0.3472,0.2124,0
2013-01-15,near_grid,1472.339966,SPXW130125C01345000,2013-01-25,call,1345.0,E,125.6,,127.5,,126.55,0.0,0.0,1.0,0.0,-4.0724,0.0,0.1053,0
2013-01-15,near_grid,1472.339966,SPXW130125P01345000,2013-01-25,put,1345.0,E,0.25,,0.35,,0.3,8.0,132.0,-0.0037,0.0002,-10.6621,2.5712,0.2124,0
2013-01-15,near_grid,1472.339966,SPXW130125C01370000,2013-01-25,call,1370.0,E,100.7,,102.7,,101.7,0.0,24.0,1.0,0.0,-4.1674,0.0094,0.1053,0
2013-01-15,near_grid,1472.339966,SPXW130125P01370000,2013-01-25,put,1370.0,E,0.35,,0.5,,0.425,200.0,201.0,-0.0162,0.0008,-39.4081,9.5062,0.2124,0
2013-01-15,near_grid,1472.339966,SPXW130125C01400000,2013-01-25,call,1400.0,E,70.9,,72.9,,71.9,50.0,167.0,0.9987,0.0002,-6.3491,1.0278,0.1053,0
2013-01-15,near_grid,1472.339966,SPXW130125P01400000,2013-01-25,put,1400.0,E,0.65,,0.75,,0.7,175.0,6068.0,-0.04,0.002,-72.004,20.306,0.1818,0
2013-01-15,near_grid,1472.339966,SPXW130125C01430000,2013-01-25,call,1430.0,E,41.9,,43.9,,42.9,0.0,449.0,0.9596,0.0035,-46.2754,20.4601,0.1053,0
2013-01-15,near_grid,1472.339966,SPXW130125P01430000,2013-01-25,put,1430.0,E,1.6,,1.8,,1.7,1465.0,318.0,-0.1028,0.0052,-119.8288,42.1654,0.1459,0
2013-01-15,near_grid,1472.339966,SPXW130125C01460000,2013-01-25,call,1460.0,E,17.1,,17.8,,17.45,98.0,1946.0,0.6931,0.0139,-176.2305,82.702,0.1071,0
2013-01-15,near_grid,1472.339966,SPXW130125P01460000,2013-01-25,put,1460.0,E,6.0,,6.3,,6.15,694.0,231.0,-0.3266,0.0127,-199.0802,84.9063,0.1208,0
2013-01-15,near_grid,1472.339966,SPXW130125C01490000,2013-01-25,call,1490.0,E,2.7,,2.95,,2.825,655.0,3862.0,0.2212,0.0132,-131.5719,69.935,0.0955,0
2013-01-15,near_grid,1472.339966,SPXW130125P01490000,2013-01-25,put,1490.0,E,20.8,,22.1,,21.45,20.0,12.0,-0.7467,0.0123,-158.8089,75.3433,0.1101,0
2013-01-15,near_grid,1472.339966,SPXW130125C01520000,2013-01-25,call,1520.0,E,0.2,,0.25,,0.225,198.0,1224.0,0.0251,0.0025,-27.4359,13.8222,0.1011,0
2013-01-15,near_grid,1472.339966,SPXW130125P01520000,2013-01-25,put,1520.0,E,47.9,,49.9,,48.9,0.0,0.0,-0.9222,0.0045,-88.8633,34.2864,0.1389,0
2013-01-15,near_grid,1472.339966,SPXW130125C01550000,2013-01-25,call,1550.0,E,0.05,,0.1,,0.075,2011.0,138.0,0.0073,0.0007,-12.2381,4.7687,0.1308,0
2013-01-15,near_grid,1472.339966,SPXW130125P01550000,2013-01-25,put,1550.0,E,77.8,,79.7,,78.75,0.0,35.0,-0.9496,0.0023,-88.1832,24.4503,0.1938,0
2013-01-15,near_grid,1472.339966,SPXW130125C01575000,2013-01-25,call,1575.0,E,0.05,,0.1,,0.075,283.0,1029.0,0.0059,0.0004,-12.8976,3.9559,0.1664,0
2013-01-15,near_grid,1472.339966,SPXW130125P01575000,2013-01-25,put,1575.0,E,102.8,,104.7,,103.75,0.0,0.0,-0.9584,0.0016,-93.9198,20.9557,0.2404,0
2013-01-15,near_grid,1472.339966,SPXW130125C01600000,2013-01-25,call,1600.0,E,0.0,,0.05,,0.025,0.0,644.0,0.0009,0.0001,-2.4399,0.7486,0.1664,0
2013-01-15,near_grid,1472.339966,SPXW130125P01600000,2013-01-25,put,1600.0,E,127.7,,129.6,,128.65,0.0,0.0,-0.9839,0.0007,-39.7766,9.4774,0.2404,0
2013-01-16,underlying,1472.630005,,,,,,,,,,,,,,,,,,0
2013-01-16,far_target,1472.630005,SPXW130201C01460000,2013-02-01,call,1460.0,E,19.6,,20.4,,20.0,1.0,318.0,0.6619,0.0115,-140.5433,110.356,0.1048,0
2013-01-16,far_target,1472.630005,SPXW130201P01460000,2013-02-01,put,1460.0,E,9.3,,9.8,,9.55,267.0,1453.0,-0.3627,0.0099,-168.1249,113.2052,0.126,0
2013-01-16,near_grid,1472.630005,SPXW130125C01315000,2013-01-25,call,1315.0,E,154.3,,157.9,,156.1,0.0,0.0,1.0,0.0,-3.9815,0.0,0.0995,0
2013-01-16,near_grid,1472.630005,SPXW130125P01315000,2013-01-25,put,1315.0,E,0.1,,0.2,,0.15,50.0,555.0,-0.0065,0.0002,-26.8988,4.0394,0.3044,0
2013-01-16,near_grid,1472.630005,SPXW130125C01345000,2013-01-25,call,1345.0,E,124.4,,128.0,,126.2,0.0,0.0,1.0,0.0,-4.0724,0.0,0.0995,0
2013-01-16,near_grid,1472.630005,SPXW130125P01345000,2013-01-25,put,1345.0,E,0.2,,0.3,,0.25,10.0,140.0,-0.0118,0.0005,-40.2308,6.8688,0.2678,0
2013-01-16,near_grid,1472.630005,SPXW130125C01370000,2013-01-25,call,1370.0,E,99.3,,102.9,,101.1,0.0,24.0,1.0,0.0,-4.1499,0.0008,0.0995,0
2013-01-16,near_grid,1472.630005,SPXW130125P01370000,2013-01-25,put,1370.0,E,0.3,,0.4,,0.35,67.0,340.0,-0.0184,0.0009,-50.689,10.0318,0.2311,0
2013-01-16,near_grid,1472.630005,SPXW130125C01400000,2013-01-25,call,1400.0,E,69.7,,73.3,,71.5,0.0,167.0,0.9996,0.0001,-4.8929,0.3006,0.0995,0
2013-01-16,near_grid,1472.630005,SPXW130125P01400000,2013-01-25,put,1400.0,E,0.55,,0.6,,0.575,329.0,6132.0,-0.0347,0.0019,-69.5033,17.092,0.186,0
2013-01-16,near_grid,1472.630005,SPXW130125C01430000,2013-01-25,call,1430.0,E,40.5,,44.0,,42.25,7.0,449.0,0.9752,0.0026,-32.3593,12.9012,0.0995,0
2013-01-16,near_grid,1472.630005,SPXW130125P01430000,2013-01-25,put,1430.0,E,1.3,,1.45,,1.375,3999.0,1663.0,-0.0901,0.005,-115.67,36.1546,0.1466,0
2013-01-16,near_grid,1472.630005,SPXW130125C01460000,2013-01-25,call,1460.0,E,16.0,,17.2,,16.6,49.0,1934.0,0.7205,0.0152,-166.3904,74.8325,0.0995,0
2013-01-16,near_grid,1472.630005,SPXW130125P01460000,2013-01-25,put,1460.0,E,5.6,,5.8,,5.7,173.0,716.0,-0.3174,0.013,-212.8737,79.3004,0.1234,0
2013-01-16,near_grid,1472.630005,SPXW130125C01490000,2013-01-25,call,1490.0,E,2.35,,2.55,,2.45,406.0,4330.0,0.2089,0.0137,-133.1059,63.9374,0.0944,0
2013-01-16,near_grid,1472.630005,SPXW130125P01490000,2013-01-25,put,1490.0,E,20.7,,22.0,,21.35,12.0,32.0,-0.7406,0.0123,-182.965,72.1042,0.118,0
2013-01-16,near_grid,1472.630005,SPXW130125C01520000,2013-01-25,call,1520.0,E,0.2,,0.25,,0.225,124.0,1251.0,0.0253,0.0025,-30.7335,13.129,0.1065,0
2013-01-16,near_grid,1472.630005,SPXW130125P01520000,2013-01-25,put,1520.0,E,47.4,,50.9,,49.15,0.0,0.0,-0.9152,0.0046,-110.1171,34.5777,0.151,0
2013-01-16,near_grid,1472.630005,SPXW130125C01550000,2013-01-25,call,1550.0,E,0.05,,0.1,,0.075,882.0,2089.0,0.0073,0.0007,-13.6385,4.5021,0.138,0
2013-01-16,near_grid,1472.630005,SPXW130125P01550000,2013-01-25,put,1550.0,E,77.3,,80.8,,79.05,0.0,35.0,-0.9497,0.0023,-98.6564,23.0609,0.2042,0
2013-01-16,near_grid,1472.630005,SPXW130125C01575000,2013-01-25,call,1575.0,E,0.0,,0.05,,0.025,3830.0,1304.0,0.0007,0.0001,-1.5593,0.515,0.138,0
2013-01-16,near_grid,1472.630005,SPXW130125P01575000,2013-01-25,put,1575.0,E,102.3,,105.8,,104.05,0.0,0.0,-0.9592,0.0016,-103.1511,19.4914,0.2524,0
2013-01-16,near_grid,1472.630005,SPXW130125C01600000,2013-01-25,call,1600.0,E,0.0,,0.05,,0.025,0.0,1244.0,0.0,0.0,-0.1038,0.0343,0.138,0
2013-01-16,near_grid,1472.630005,SPXW130125P01600000,2013-01-25,put,1600.0,E,127.2,,130.7,,128.95,0.0,0.0,-0.9844,0.0007,-43.4272,8.7205,0.2524,0
2013-01-17,underlying,1480.939941,,,,,,,,,,,,,,,,,,0
2013-01-17,far_target,1480.939941,SPXW130201C01460000,2013-02-01,call,1460.0,E,26.5,,28.1,,27.3,13.0,318.0,0.7257,0.0092,-156.7056,97.797,0.1233,0
2013-01-17,far_target,1480.939941,SPXW130201P01460000,2013-02-01,put,1460.0,E,6.4,,6.8,,6.6,70.0,1589.0,-0.2808,0.009,-159.4371,98.922,0.1276,0
2013-01-17,near_grid,1480.939941,SPXW130125C01315000,2013-01-25,call,1315.0,E,165.4,,167.3,,166.35,0.0,0.0,1.0,0.0,-3.9819,0.0001,0.1592,0
2013-01-17,near_grid,1480.939941,SPXW130125P01315000,2013-01-25,put,1315.0,E,0.05,,0.15,,0.1,155.0,585.0,0.0,0.0,-0.1324,0.0254,0.2092,0
2013-01-17,near_grid,1480.939941,SPXW130125C01345000,2013-01-25,call,1345.0,E,135.5,,137.4,,136.45,0.0,0.0,1.0,0.0,-4.1072,0.0088,0.1592,0
2013-01-17,near_grid,1480.939941,SPXW130125P01345000,2013-01-25,put,1345.0,E,0.15,,0.2,,0.175,33.0,148.0,-0.0005,0.0,-2.1169,0.4071,0.2092,0
2013-01-17,near_grid,1480.939941,SPXW130125C01370000,2013-01-25,call,1370.0,E,110.5,,112.5,,111.5,0.0,24.0,0.9997,0.0,-4.9679,0.2072,0.1592,0
2013-01-17,near_grid,1480.939941,SPXW130125P01370000,2013-01-25,put,1370.0,E,0.2,,0.25,,0.225,89.0,389.0,-0.0041,0.0002,-13.2499,2.5486,0.2092,0
2013-01-17,near_grid,1480.939941,SPXW130125C01400000,2013-01-25,call,1400.0,E,80.7,,82.7,,81.7,3.0,167.0,0.9939,0.0005,-18.6183,3.6364,0.1592,0
2013-01-17,near_grid,1480.939941,SPXW130125P01400000,2013-01-25,put,1400.0,E,0.45,,0.5,,0.475,2985.0,6001.0,-0.0279,0.0015,-69.9198,13.4544,0.2092,0
2013-01-17,near_grid,1480.939941,SPXW130125C01430000,2013-01-25,call,1430.0,E,51.2,,53.1,,52.15,73.0,449.0,0.9412,0.0035,-101.5467,24.6051,0.1592,0
2013-01-17,near_grid,1480.939941,SPXW130125P01430000,2013-01-25,put,1430.0,E,0.8,,0.95,,0.875,643.0,4225.0,-0.0598,0.0035,-99.0992,24.9403,0.1601,0
2013-01-17,near_grid,1480.939941,SPXW130125C01460000,2013-01-25,call,1460.0,E,23.9,,25.3,,24.6,56.0,1897.0,0.7794,0.0107,-208.8245,62.2448,0.1326,0
2013-01-17,near_grid,1480.939941,SPXW130125P01460000,2013-01-25,put,1460.0,E,3.1,,3.3,,3.2,2424.0,798.0,-0.2105,0.0108,-190.2171,60.5816,0.1268,0
2013-01-17,near_grid,1480.939941,SPXW130125C01490000,2013-01-25,call,1490.0,E,5.3,,5.5,,5.4,1781.0,4431.0,0.3515,0.0161,-213.767,77.8725,0.1095,0
2013-01-17,near_grid,1480.939941,SPXW130125P01490000,2013-01-25,put,1490.0,E,13.8,,14.4,,14.1,159.0,43.0,-0.6533,0.0166,-201.4112,77.4781,0.106,0
2013-01-17,near_grid,1480.939941,SPXW130125C01520000,2013-01-25,call,1520.0,E,0.4,,0.6,,0.5,2216.0,1356.0,0.0511,0.0045,-61.4368,22.0389,0.1116,0
2013-01-17,near_grid,1480.939941,SPXW130125P01520000,2013-01-25,put,1520.0,E,38.3,,40.2,,39.25,2.0,0.0,-0.9779,0.0028,-20.5188,11.0734,0.0908,0
2013-01-17,near_grid,1480.939941,SPXW130125C01550000,2013-01-25,call,1550.0,E,0.05,,0.15,,0.1,377.0,2740.0,0.0097,0.0009,-18.5929,5.4487,0.1368,0
2013-01-17,near_grid,1480.939941,SPXW130125P01550000,2013-01-25,put,1550.0,E,67.8,,69.8,,68.8,0.0,35.0,-0.9998,0.0,4.3198,0.1648,0.0908,0
2013-01-17,near_grid,1480.939941,SPXW130125C01575000,2013-01-25,call,1575.0,E,0.05,,0.1,,0.075,1430.0,5688.0,0.0063,0.0005,-16.0785,3.7259,0.1731,0
2013-01-17,near_grid,1480.939941,SPXW130125P01575000,2013-01-25,put,1575.0,E,92.8,,94.7,,93.75,0.0,0.0,-1.0,0.0,4.7667,0.0009,0.0908,0
2013-01-17,near_grid,1480.939941,SPXW130125C01600000,2013-01-25,call,1600.0,E,0.0,,0.05,,0.025,9508.0,1244.0,0.0009,0.0001,-2.6374,0.6114,0.1731,0
2013-01-17,near_grid,1480.939941,SPXW130125P01600000,2013-01-25,put,1600.0,E,117.8,,119.7,,118.75,0.0,0.0,-1.0,0.0,4.8445,0.0,0.0908,0
2013-01-18,underlying,1485.97998,,,,,,,,,,,,,,,,,,0
2013-01-18,far_target,1485.97998,SPXW130201C01460000,2013-02-01,call,1460.0,E,26.5,,28.1,,27.3,3.0,319.0,0.8956,0.0086,-56.246,51.4251,0.0743,0
2013-01-18,far_target,1485.97998,SPXW130201P01460000,2013-02-01,put,1460.0,E,4.4,,4.6,,4.5,237.0,1600.0,-0.2216,0.0085,-141.1623,84.4477,0.123,0
2013-01-18,near_grid,1485.97998,SPXW130125C01315000,2013-01-25,call,1315.0,E,169.27018205594905,,172.689781693443,,170.97998187469602,0.0,0.0,1.0,0.0,-3.9816,0.0,0.1767,0
2013-01-18,near_grid,1485.97998,SPXW130125P01315000,2013-01-25,put,1315.0,E,0.05,,0.1,,0.075,0.0,715.0,0.0,0.0,-0.0004,0.0001,0.1767,0
2013-01-18,near_grid,1485.97998,SPXW130125C01345000,2013-01-25,call,1345.0,E,139.57035640073804,,142.38995956034893,,140.98015798054348,0.0,0.0,1.0,0.0,-4.0724,0.0,0.1767,0
2013-01-18,near_grid,1485.97998,SPXW130125P01345000,2013-01-25,put,1345.0,E,0.05,,0.15,,0.1,187.0,170.0,0.0,0.0,-0.039,0.0077,0.1767,0
2013-01-18,near_grid,1485.97998,SPXW130125C01370000,2013-01-25,call,1370.0,E,114.8242422982845,,117.14392396087612,,115.98408312958031,0.0,24.0,1.0,0.0,-4.1481,0.0,0.1767,0
2013-01-18,near_grid,1485.97998,SPXW130125P01370000,2013-01-25,put,1370.0,E,0.1,,0.15,,0.125,565.0,407.0,-0.0002,0.0,-0.853,0.1676,0.1767,0
2013-01-18,near_grid,1485.97998,SPXW130125C01400000,2013-01-25,call,1400.0,E,85.20549145392695,,86.92681451360224,,86.0661529837646,0.0,169.0,1.0,0.0,-4.239,0.0,0.1767,0
2013-01-18,near_grid,1485.97998,SPXW130125P01400000,2013-01-25,put,1400.0,E,0.2,,0.25,,0.225,2623.0,8008.0,-0.005,0.0004,-14.4352,2.8395,0.1767,0
2013-01-18,near_grid,1485.97998,SPXW130125C01430000,2013-01-25,call,1430.0,E,55.973775278716516,,57.10455861768048,,56.5391669481985,0.0,421.0,1.0,0.0,-4.3315,0.0009,0.1608,0
2013-01-18,near_grid,1485.97998,SPXW130125P01430000,2013-01-25,put,1430.0,E,0.4,,0.45,,0.425,3255.0,4341.0,-0.0339,0.0023,-68.158,14.7428,0.1608,0
2013-01-18,near_grid,1485.97998,SPXW130125C01460000,2013-01-25,call,1460.0,E,24.2,,25.9,,25.05,20.0,1915.0,0.9858,0.003,-16.8785,7.0774,0.0614,0
2013-01-18,near_grid,1485.97998,SPXW130125P01460000,2013-01-25,put,1460.0,E,1.6,,1.7,,1.65,2569.0,2275.0,-0.1351,0.009,-149.7256,42.5202,0.1227,0
2013-01-18,near_grid,1485.97998,SPXW130125C01490000,2013-01-25,call,1490.0,E,4.5,,4.7,,4.6,6648.0,5062.0,0.4055,0.0241,-181.5592,75.8864,0.0822,0
2013-01-18,near_grid,1485.97998,SPXW130125P01490000,2013-01-25,put,1490.0,E,10.7,,11.7,,11.2,156.0,156.0,-0.5656,0.0173,-255.5712,77.0304,0.1163,0
2013-01-18,near_grid,1485.97998,SPXW130125C01520000,2013-01-25,call,1520.0,E,0.3,,0.35,,0.325,3000.0,2735.0,0.0188,0.0028,-21.3359,8.9721,0.0822,0
2013-01-18,near_grid,1485.97998,SPXW130125P01520000,2013-01-25,put,1520.0,E,36.0,,37.9,,36.95,0.0,0.0,-0.8346,0.0073,-240.3748,48.6566,0.1742,0
2013-01-18,near_grid,1485.97998,SPXW130125C01550000,2013-01-25,call,1550.0,E,0.05,,0.1,,0.075,2830.0,3089.0,0.0001,0.0,-0.0978,0.0412,0.0822,0
2013-01-18,near_grid,1485.97998,SPXW130125P01550000,2013-01-25,put,1550.0,E,65.8,,67.7,,66.75,0.0,35.0,-0.8874,0.0038,-276.1716,37.4216,0.26,0
2013-01-18,near_grid,1485.97998,SPXW130125C01575000,2013-01-25,call,1575.0,E,0.0,,0.05,,0.025,5223.0,7087.0,0.0,0.0,-0.0001,0.0,0.0822,0
2013-01-18,near_grid,1485.97998,SPXW130125P01575000,2013-01-25,put,1575.0,E,90.8,,92.7,,91.75,0.0,0.0,-0.9071,0.0026,-303.4755,32.5498,0.3282,0
2013-01-18,near_grid,1485.97998,SPXW130125C01600000,2013-01-25,call,1600.0,E,0.0,,0.05,,0.025,555.0,10422.0,0.0,0.0,0.0,0.0,0.0822,0
2013-01-18,near_grid,1485.97998,SPXW130125P01600000,2013-01-25,put,1600.0,E,115.8,,117.7,,116.75,0.0,0.0,-0.9198,0.0019,-325.0675,29.1531,0.3923,0
2013-01-22,underlying,1492.560059,,,,,,,,,,,,,,,,,,0
2013-01-22,far_target,1492.560059,SPXW130201C01460000,2013-02-01,call,1460.0,E,33.0,,34.9,,33.95,30.0,318.0,0.9069,0.0066,-85.9312,39.756,0.1054,0
2013-01-22,far_target,1492.560059,SPXW130201P01460000,2013-02-01,put,1460.0,E,1.95,,2.3,,2.125,186.0,1780.0,-0.1366,0.0072,-129.6041,52.2357,0.1275,0
2013-01-22,near_grid,1492.560059,SPXW130125C01315000,2013-01-25,call,1315.0,E,176.4,,178.3,,177.35,0.0,0.0,1.0,0.0,-3.9817,0.0,0.1694,0
2013-01-22,near_grid,1492.560059,SPXW130125P01315000,2013-01-25,put,1315.0,E,0.0,,0.05,,0.025,0.0,715.0,0.0,0.0,0.0,0.0,0.2506,0
2013-01-22,near_grid,1492.560059,SPXW130125C01345000,2013-01-25,call,1345.0,E,146.4,,148.3,,147.35,0.0,17.0,1.0,0.0,-4.0727,0.0,0.1694,0
2013-01-22,near_grid,1492.560059,SPXW130125P01345000,2013-01-25,put,1345.0,E,0.0,,0.05,,0.025,51.0,280.0,0.0,0.0,-0.0012,0.0001,0.2506,0
2013-01-22,near_grid,1492.560059,SPXW130125C01370000,2013-01-25,call,1370.0,E,121.4,,123.4,,122.4,0.0,24.0,1.0,0.0,-4.1483,0.0,0.1694,0
2013-01-22,near_grid,1492.560059,SPXW130125P01370000,2013-01-25,put,1370.0,E,0.0,,0.1,,0.05,122.0,929.0,0.0,0.0,-0.0953,0.0049,0.2506,0
2013-01-22,near_grid,1492.560059,SPXW130125C01400000,2013-01-25,call,1400.0,E,91.4,,93.4,,92.4,0.0,181.0,1.0,0.0,-4.2477,0.0005,0.1694,0
2013-01-22,near_grid,1492.560059,SPXW130125P01400000,2013-01-25,put,1400.0,E,0.05,,0.15,,0.1,246.0,9958.0,-0.0007,0.0001,-5.4643,0.2789,0.2506,0
2013-01-22,near_grid,1492.560059,SPXW130125C01430000,2013-01-25,call,1430.0,E,61.5,,63.5,,62.5,3.0,421.0,0.9992,0.0001,-8.4798,0.3135,0.1694,0
2013-01-22,near_grid,1492.560059,SPXW130125P01430000,2013-01-25,put,1430.0,E,0.2,,0.3,,0.25,858.0,6441.0,-0.0159,0.0013,-92.8372,4.7402,0.2506,0
2013-01-22,near_grid,1492.560059,SPXW130125C01460000,2013-01-25,call,1460.0,E,31.8,,33.9,,32.85,67.0,1900.0,0.9491,0.0052,-169.4686,12.4743,0.1694,0
2013-01-22,near_grid,1492.560059,SPXW130125P01460000,2013-01-25,put,1460.0,E,0.6,,0.7,,0.65,7153.0,3130.0,-0.0667,0.0059,-223.0028,15.4411,0.1849,0
2013-01-22,near_grid,1492.560059,SPXW130125C01490000,2013-01-25,call,1490.0,E,7.2,,7.7,,7.45,3299.0,7420.0,0.5695,0.0258,-471.203,46.885,0.1278,0
2013-01-22,near_grid,1492.560059,SPXW130125P01490000,2013-01-25,put,1490.0,E,4.9,,5.3,,5.1,1302.0,331.0,-0.4329,0.0248,-485.1574,46.934,0.1327,0
2013-01-22,near_grid,1492.560059,SPXW130125C01520000,2013-01-25,call,1520.0,E,0.15,,0.2,,0.175,1179.0,4226.0,0.0315,0.0049,-80.8778,8.4541,0.1221,0
2013-01-22,near_grid,1492.560059,SPXW130125P01520000,2013-01-25,put,1520.0,E,26.8,,28.8,,27.8,0.0,0.0,-0.9674,0.005,-79.2623,8.6951,0.1231,0
2013-01-22,near_grid,1492.560059,SPXW130125C01550000,2013-01-25,call,1550.0,E,0.0,,0.1,,0.05,685.0,5201.0,0.0027,0.0004,-13.2513,0.9992,0.1694,0
2013-01-22,near_grid,1492.560059,SPXW130125P01550000,2013-01-25,put,1550.0,E,56.7,,58.7,,57.7,0.0,35.0,-0.9999,0.0,4.3936,0.0311,0.1231,0
2013-01-22,near_grid,1492.560059,SPXW130125C01575000,2013-01-25,call,1575.0,E,0.0,,0.05,,0.025,105.0,12737.0,0.0,0.0,-0.2471,0.0185,0.1694,0
2013-01-22,near_grid,1492.560059,SPXW130125P01575000,2013-01-25,put,1575.0,E,81.7,,83.7,,82.7,0.0,0.0,-1.0,0.0,4.7688,0.0,0.1231,0
2013-01-22,near_grid,1492.560059,SPXW130125C01600000,2013-01-25,call,1600.0,E,0.0,,0.05,,0.025,0.0,10922.0,0.0,0.0,-0.0013,0.0001,0.1694,0
2013-01-22,near_grid,1492.560059,SPXW130125P01600000,2013-01-25,put,1600.0,E,106.7,,108.7,,107.7,0.0,0.0,-1.0,0.0,4.8446,0.0,0.1231,0
2013-01-23,underlying,1494.810059,,,,,,,,,,,,,,,,,,0
2013-01-23,far_target,1494.810059,SPXW130201C01460000,2013-02-01,call,1460.0,E,35.5,,37.5,,36.5,25.0,348.0,0.8934,0.0064,-118.9542,41.5184,0.1265,0
2013-01-23,far_target,1494.810059,SPXW130201P01460000,2013-02-01,put,1460.0,E,1.45,,1.75,,1.6,575.0,1783.0,-0.1117,0.0065,-121.1933,42.9463,0.1293,0
2013-01-23,near_grid,1494.810059,SPXW130125C01315000,2013-01-25,call,1315.0,E,179.4,,181.3,,180.35,0.0,0.0,1.0,0.0,-3.9818,0.0,0.2107,0
2013-01-23,near_grid,1494.810059,SPXW130125P01315000,2013-01-25,put,1315.0,E,0.0,,0.05,,0.025,0.0,715.0,0.0,0.0,0.0,0.0,0.2529,0
2013-01-23,near_grid,1494.810059,SPXW130125C01345000,2013-01-25,call,1345.0,E,149.4,,151.3,,150.35,0.0,17.0,1.0,0.0,-4.0727,0.0,0.2107,0
2013-01-23,near_grid,1494.810059,SPXW130125P01345000,2013-01-25,put,1345.0,E,0.0,,0.05,,0.025,0.0,330.0,0.0,0.0,0.0,0.0,0.2529,0
2013-01-23,near_grid,1494.810059,SPXW130125C01370000,2013-01-25,call,1370.0,E,124.4,,126.4,,125.4,0.0,24.0,1.0,0.0,-4.1483,0.0,0.2107,0
2013-01-23,near_grid,1494.810059,SPXW130125P01370000,2013-01-25,put,1370.0,E,0.0,,0.05,,0.025,2046.0,1002.0,0.0,0.0,-0.0001,0.0,0.2529,0
2013-01-23,near_grid,1494.810059,SPXW130125C01400000,2013-01-25,call,1400.0,E,94.5,,96.4,,95.45,2.0,181.0,1.0,0.0,-4.241,0.0001,0.2107,0
2013-01-23,near_grid,1494.810059,SPXW130125P01400000,2013-01-25,put,1400.0,E,0.05,,0.1,,0.075,599.0,9671.0,-0.0057,0.0004,-86.8635,1.4732,0.4309,0
2013-01-23,near_grid,1494.810059,SPXW130125C01430000,2013-01-25,call,1430.0,E,64.5,,66.5,,65.5,27.0,419.0,0.9998,0.0,-6.7142,0.0827,0.2107,0
2013-01-23,near_grid,1494.810059,SPXW130125P01430000,2013-01-25,put,1430.0,E,0.1,,0.15,,0.125,77.0,6672.0,-0.012,0.0011,-126.2624,2.8274,0.3264,0
2013-01-23,near_grid,1494.810059,SPXW130125C01460000,2013-01-25,call,1460.0,E,34.7,,36.7,,35.7,8.0,1920.0,0.9683,0.0037,-189.9859,6.4394,0.2107,0
2013-01-23,near_grid,1494.810059,SPXW130125P01460000,2013-01-25,put,1460.0,E,0.3,,0.4,,0.35,4311.0,9130.0,-0.0418,0.0044,-249.3925,8.0647,0.2261,0
2013-01-23,near_grid,1494.810059,SPXW130125C01490000,2013-01-25,call,1490.0,E,8.3,,9.0,,8.65,2764.0,8664.0,0.6279,0.0253,-776.9406,34.1735,0.1655,0
2013-01-23,near_grid,1494.810059,SPXW130125P01490000,2013-01-25,put,1490.0,E,3.0,,3.4,,3.2,3216.0,977.0,-0.3562,0.0283,-671.3219,33.6745,0.146,0
2013-01-23,near_grid,1494.810059,SPXW130125C01520000,2013-01-25,call,1520.0,E,0.15,,0.25,,0.2,2758.0,5749.0,0.036,0.0057,-150.256,7.1485,0.1534,0
2013-01-23,near_grid,1494.810059,SPXW130125P01520000,2013-01-25,put,1520.0,E,23.7,,25.7,,24.7,0.0,0.0,-0.9615,0.0059,-156.6376,7.5432,0.156,0
2013-01-23,near_grid,1494.810059,SPXW130125C01550000,2013-01-25,call,1550.0,E,0.0,,0.05,,0.025,1634.0,5670.0,0.0027,0.0004,-21.7327,0.7391,0.2147,0
2013-01-23,near_grid,1494.810059,SPXW130125P01550000,2013-01-25,put,1550.0,E,53.7,,55.6,,54.65,0.0,35.0,-0.9999,0.0,4.2125,0.0225,0.156,0
2013-01-23,near_grid,1494.810059,SPXW130125C01575000,2013-01-25,call,1575.0,E,0.0,,0.05,,0.025,3.0,12742.0,0.0,0.0,-0.3265,0.0111,0.2147,0
2013-01-23,near_grid,1494.810059,SPXW130125P01575000,2013-01-25,put,1575.0,E,78.7,,80.6,,79.65,0.0,0.0,-1.0,0.0,4.7689,0.0,0.156,0
2013-01-23,near_grid,1494.810059,SPXW130125C01600000,2013-01-25,call,1600.0,E,0.0,,0.05,,0.025,0.0,10922.0,0.0,0.0,-0.0012,0.0,0.2147,0
2013-01-23,near_grid,1494.810059,SPXW130125P01600000,2013-01-25,put,1600.0,E,103.7,,105.6,,104.65,0.0,0.0,-1.0,0.0,4.8446,0.0,0.156,0
2013-01-24,underlying,1494.819946,,,,,,,,,,,,,,,,,,0
2013-01-24,far_target,1494.819946,SPXW130201C01460000,2013-02-01,call,1460.0,E,36.1,,38.1,,37.1,3.0,329.0,0.8688,0.0067,-172.4632,45.1167,0.1502,0
2013-01-24,far_target,1494.819946,SPXW130201P01460000,2013-02-01,put,1460.0,E,1.2,,1.4,,1.3,1014.0,2066.0,-0.0988,0.0063,-119.03,36.8462,0.1303,0
2013-01-24,near_grid,1494.819946,SPXW130125C01315000,2013-01-25,call,1315.0,E,180.4,,182.3,,181.35,0.0,0.0,0.9684,0.0007,-4094.7352,3.2104,2.3274,0
2013-01-24,near_grid,1494.819946,SPXW130125P01315000,2013-01-25,put,1315.0,E,0.0,,0.05,,0.025,0.0,715.0,0.0,0.0,0.0,0.0,0.3887,0
2013-01-24,near_grid,1494.819946,SPXW130125C01345000,2013-01-25,call,1345.0,E,150.4,,152.3,,151.35,0.0,17.0,0.9634,0.0009,-3933.4008,3.6184,1.9835,0
2013-01-24,near_grid,1494.819946,SPXW130125P01345000,2013-01-25,put,1345.0,E,0.0,,0.05,,0.025,0.0,340.0,0.0,0.0,0.0,0.0,0.3887,0
2013-01-24,near_grid,1494.819946,SPXW130125C01370000,2013-01-25,call,1370.0,E,125.4,,127.3,,126.35,0.0,24.0,0.9579,0.0011,-3776.109,4.0609,1.6966,0
2013-01-24,near_grid,1494.819946,SPXW130125P01370000,2013-01-25,put,1370.0,E,0.0,,0.05,,0.025,0.0,2765.0,0.0,0.0,0.0,0.0,0.3887,0
2013-01-24,near_grid,1494.819946,SPXW130125C01400000,2013-01-25,call,1400.0,E,95.4,,97.3,,96.35,53.0,183.0,0.9482,0.0017,-3541.3527,4.7894,1.349,0
2013-01-24,near_grid,1494.819946,SPXW130125P01400000,2013-01-25,put,1400.0,E,0.0,,0.05,,0.025,696.0,9812.0,0.0,0.0,-0.0006,0.0,0.3887,0
2013-01-24,near_grid,1494.819946,SPXW130125C01430000,2013-01-25,call,1430.0,E,65.4,,67.4,,66.4,15.0,419.0,0.9308,0.0028,-3298.8266,6.0149,1.0005,0
2013-01-24,near_grid,1494.819946,SPXW130125P01430000,2013-01-25,put,1430.0,E,0.05,,0.1,,0.075,167.0,6664.0,-0.008,0.0008,-325.7315,0.9757,0.6098,0
2013-01-24,near_grid,1494.819946,SPXW130125C01460000,2013-01-25,call,1460.0,E,35.4,,37.5,,36.45,24.0,1919.0,0.8939,0.0064,-2858.2416,8.2751,0.63,0
2013-01-24,near_grid,1494.819946,SPXW130125P01460000,2013-01-25,put,1460.0,E,0.1,,0.2,,0.15,2253.0,12002.0,-0.0222,0.003,-505.9696,2.378,0.3887,0
2013-01-24,near_grid,1494.819946,SPXW130125C01490000,2013-01-25,call,1490.0,E,7.5,,8.8,,8.15,3547.0,7968.0,0.6411,0.0276,-2774.0232,16.8828,0.2998,0
2013-01-24,near_grid,1494.819946,SPXW130125P01490000,2013-01-25,put,1490.0,E,1.3,,1.5,,1.4,4161.0,2294.0,-0.2766,0.0409,-1497.1833,15.1125,0.1811,0
2013-01-24,near_grid,1494.819946,SPXW130125C01520000,2013-01-25,call,1520.0,E,0.05,,0.1,,0.075,3181.0,7394.0,0.0172,0.0036,-274.8301,1.9242,0.2607,0
2013-01-24,near_grid,1494.819946,SPXW130125P01520000,2013-01-25,put,1520.0,E,22.7,,24.7,,23.7,15.0,0.0,-0.9875,0.0028,-192.6216,1.4626,0.2462,0
2013-01-24,near_grid,1494.819946,SPXW130125C01550000,2013-01-25,call,1550.0,E,0.0,,0.05,,0.025,409.0,6995.0,0.0,0.0,-0.0669,0.0005,0.2607,0
2013-01-24,near_grid,1494.819946,SPXW130125P01550000,2013-01-25,put,1550.0,E,52.7,,54.6,,53.65,0.0,35.0,-1.0,0.0,4.676,0.0001,0.2462,0
2013-01-24,near_grid,1494.819946,SPXW130125C01575000,2013-01-25,call,1575.0,E,0.0,,0.05,,0.025,0.0,12745.0,0.0,0.0,0.0,0.0,0.2607,0
2013-01-24,near_grid,1494.819946,SPXW130125P01575000,2013-01-25,put,1575.0,E,77.7,,79.6,,78.65,0.0,0.0,-1.0,0.0,4.7691,0.0,0.2462,0
2013-01-24,near_grid,1494.819946,SPXW130125C01600000,2013-01-25,call,1600.0,E,0.0,,0.05,,0.025,0.0,10922.0,0.0,0.0,0.0,0.0,0.2607,0
2013-01-24,near_grid,1494.819946,SPXW130125P01600000,2013-01-25,put,1600.0,E,102.7,,104.6,,103.65,0.0,0.0,-1.0,0.0,4.8448,0.0,0.2462,0
2013-01-25,underlying,1502.959961,,,,,,,,,,,,,,,,,,0
2013-01-25,far_target,1502.959961,SPXW130201C01460000,2013-02-01,call,1460.0,E,42.1,,44.2,,43.15,1.0,326.0,0.9788,0.0023,-36.0359,10.0873,0.1091,0
2013-01-25,far_target,1502.959961,SPXW130201P01460000,2013-02-01,put,1460.0,E,0.85,,1.0,,0.925,4289.0,2528.0,-0.0697,0.0045,-114.3061,26.4839,0.1502,0
2013-01-25,near_grid,1502.959961,SPXW130125C01315000,2013-01-25,call,1315.0,E,186.5,,189.8,,188.15,0.0,0.0,1.0,0.0,0.0,0.0,0.3,0
2013-01-25,near_grid,1502.959961,SPXW130125P01315000,2013-01-25,put,1315.0,E,0.0,,0.05,,0.025,0.0,715.0,0.0,0.0,0.0,0.0,0.3,0
2013-01-25,near_grid,1502.959961,SPXW130125C01345000,2013-01-25,call,1345.0,E,156.5,,159.8,,158.15,0.0,17.0,1.0,0.0,0.0,0.0,0.3,0
2013-01-25,near_grid,1502.959961,SPXW130125P01345000,2013-01-25,put,1345.0,E,0.0,,0.05,,0.025,0.0,340.0,0.0,0.0,0.0,0.0,0.3,0
2013-01-25,near_grid,1502.959961,SPXW130125C01370000,2013-01-25,call,1370.0,E,131.5,,134.8,,133.15,0.0,24.0,1.0,0.0,0.0,0.0,0.3,0
2013-01-25,near_grid,1502.959961,SPXW130125P01370000,2013-01-25,put,1370.0,E,0.0,,0.05,,0.025,0.0,2770.0,0.0,0.0,0.0,0.0,0.3,0
2013-01-25,near_grid,1502.959961,SPXW130125C01400000,2013-01-25,call,1400.0,E,101.5,,104.9,,103.2,2.0,186.0,1.0,0.0,0.0,0.0,0.3,0
2013-01-25,near_grid,1502.959961,SPXW130125P01400000,2013-01-25,put,1400.0,E,0.0,,0.05,,0.025,43.0,9629.0,0.0,0.0,0.0,0.0,0.3,0
2013-01-25,near_grid,1502.959961,SPXW130125C01430000,2013-01-25,call,1430.0,E,70.5,,75.5,,73.0,0.0,419.0,1.0,0.0,0.0,0.0,0.3,0
2013-01-25,near_grid,1502.959961,SPXW130125P01430000,2013-01-25,put,1430.0,E,0.0,,0.05,,0.025,323.0,6670.0,0.0,0.0,0.0,0.0,0.3,0
2013-01-25,near_grid,1502.959961,SPXW130125C01460000,2013-01-25,call,1460.0,E,41.5,,44.8,,43.15,17.0,1912.0,1.0,0.0,0.0,0.0,0.3,0
2013-01-25,near_grid,1502.959961,SPXW130125P01460000,2013-01-25,put,1460.0,E,0.0,,0.05,,0.025,192.0,11751.0,0.0,0.0,0.0,0.0,0.3,0
2013-01-25,near_grid,1502.959961,SPXW130125C01490000,2013-01-25,call,1490.0,E,11.5,,14.8,,13.15,2390.0,7168.0,1.0,0.0,0.0,0.0,0.3,0
2013-01-25,near_grid,1502.959961,SPXW130125P01490000,2013-01-25,put,1490.0,E,0.0,,0.05,,0.025,7471.0,3954.0,0.0,0.0,0.0,0.0,0.3,0
2013-01-25,near_grid,1502.959961,SPXW130125C01520000,2013-01-25,call,1520.0,E,0.0,,0.05,,0.025,236.0,8161.0,0.0,0.0,0.0,0.0,0.3,0
2013-01-25,near_grid,1502.959961,SPXW130125P01520000,2013-01-25,put,1520.0,E,15.3,,18.6,,16.95,2.0,15.0,-1.0,0.0,0.0,0.0,0.3,0
2013-01-25,near_grid,1502.959961,SPXW130125C01550000,2013-01-25,call,1550.0,E,0.0,,0.05,,0.025,0.0,7384.0,0.0,0.0,0.0,0.0,0.3,0
2013-01-25,near_grid,1502.959961,SPXW130125P01550000,2013-01-25,put,1550.0,E,45.2,,48.5,,46.85,0.0,35.0,-1.0,0.0,0.0,0.0,0.3,0
2013-01-25,near_grid,1502.959961,SPXW130125C01575000,2013-01-25,call,1575.0,E,0.0,,0.05,,0.025,0.0,12745.0,0.0,0.0,0.0,0.0,0.3,0
2013-01-25,near_grid,1502.959961,SPXW130125P01575000,2013-01-25,put,1575.0,E,70.2,,73.5,,71.85,0.0,0.0,-1.0,0.0,0.0,0.0,0.3,0
2013-01-25,near_grid,1502.959961,SPXW130125C01600000,2013-01-25,call,1600.0,E,0.0,,0.05,,0.025,0.0,10922.0,0.0,0.0,0.0,0.0,0.3,0
2013-01-25,near_grid,1502.959961,SPXW130125P01600000,2013-01-25,put,1600.0,E,95.2,,98.5,,96.85,0.0,0.0,-1.0,0.0,0.0,0.0,0.3,0
